newsletter_source,product_name,category,price,availability,product_url,image_url,product_description
Konvy,เซรั่มวิตามินซีเข้มข้น Dermabright,Skincare,฿399,In Stock,https://www.konvy.com/Dermabright/serum-vitaminc-1.html,https://img.konvy.com/path/to/image-1.jpg,เซรั่มบำรุงผิวหน้าสูตรเข้มข้น ช่วยให้ผิวกระจ่างใส ลดริ้วรอย ด้วยสารสกัดจากธรรมชาติ
Konvy,ลิปสติกเนื้อแมท Lancome Matte Lipstick #201,Makeup,฿450,Limited Stock,https://www.konvy.com/Lancome/lipstick-matte-2.html,https://img.konvy.com/path/to/image-2.jpg,ลิปสติกเนื้อแมท ติดทนนานตลอดวัน สีสวยสดใส ไม่ทำให้ริมฝีปากแห้ง
Konvy,แชมพูบำรุงผม Sunsilk Keratin,Haircare,฿299,In Stock,https://www.konvy.com/Sunsilk/shampoo-keratin-3.html,https://img.konvy.com/path/to/image-3.jpg,แชมพูบำรุงผมให้เงางาม ชุ่มชื้น ไม่ทำร้ายหนังศีรษะ
Konvy,น้ำหอมผู้หญิง Chanel No.5,Fragrance,฿1200,In Stock,https://www.konvy.com/Chanel/perfume-no5-4.html,https://img.konvy.com/path/to/image-4.jpg,น้ำหอมกลิ่นหอมหวาน  ติดทนนานตลอดวัน เหมาะสำหรับผู้หญิงทุกวัย
Konvy,โลชั่นบำรุงผิว Vaseline Healthy White,Body Care,฿199,In Stock,https://www.konvy.com/Vaseline/lotion-healthywhite-5.html,https://img.konvy.com/path/to/image-5.jpg,โลชั่นบำรุงผิวกาย ให้ความชุ่มชื้นยาวนาน  ผิวเนียนนุ่ม
Konvy,แปรงแต่งหน้าแบบเซ็ต Real Techniques,Beauty Tools,฿250,In Stock,https://www.konvy.com/RealTechniques/brushset-6.html,https://img.konvy.com/path/to/image-6.jpg,แปรงแต่งหน้าคุณภาพดี  ขนแปรงนุ่ม ไม่ระคายเคืองผิว
Konvy,ครีมกันแดด Shiseido Anessa Perfect UV,Skincare,฿550,Limited Stock,https://www.konvy.com/Shiseido/sunscreen-anessa-7.html,https://img.konvy.com/path/to/image-7.jpg,ครีมกันแดดเนื้อบางเบา ปกป้องผิวจากแสงแดด SPF50+
Konvy,มาสคาร่า Maybelline Lash Sensational,Makeup,฿350,In Stock,https://www.konvy.com/Maybelline/mascara-lashsensational-8.html,https://img.konvy.com/path/to/image-8.jpg,มาสคาร่า ปัดง่าย ไม่จับตัวเป็นก้อน  ทำให้ขนตาหนาและยาวขึ้น
Konvy,ครีมนวดผม Dove Intense Repair,Haircare,฿390,In Stock,https://www.konvy.com/Dove/conditioner-intenserepair-9.html,https://img.konvy.com/path/to/image-9.jpg,ครีมนวดผมบำรุงผมแห้งเสีย ให้ผมนุ่มลื่น
Konvy,น้ำหอมผู้ชาย Dior Sauvage,Fragrance,฿990,Limited Stock,https://www.konvy.com/Dior/perfume-sauvage-10.html,https://img.konvy.com/path/to/image-10.jpg,น้ำหอมกลิ่นหอมสดชื่น  ติดทนนาน เหมาะสำหรับผู้ชาย
Konvy,เจลอาบน้ำ Dove Go Fresh,Body Care,฿150,In Stock,https://www.konvy.com/Dove/showergel-gofresh-11.html,https://img.konvy.com/path/to/image-11.jpg,เจลอาบน้ำกลิ่นหอมสดชื่น  ทำความสะอาดผิวอย่างอ่อนโยน
Konvy,ฟองน้ำแต่งหน้า Beauty Blender,Beauty Tools,฿180,In Stock,https://www.konvy.com/BeautyBlender/sponge-12.html,https://img.konvy.com/path/to/image-12.jpg,ฟองน้ำแต่งหน้า ใช้ได้กับรองพื้นทุกชนิด
Konvy,โทนเนอร์ Some by Mi,Skincare,฿280,In Stock,https://www.konvy.com/SomebyMi/toner-13.html,https://img.konvy.com/path/to/image-13.jpg,โทนเนอร์บำรุงผิวหน้า ทำให้ผิวกระชับ
Konvy,อายแชโดว์พาเลท Urban Decay Naked,Makeup,฿690,In Stock,https://www.konvy.com/UrbanDecay/eyeshadowpalette-14.html,https://img.konvy.com/path/to/image-14.jpg,อายแชโดว์พาเลทสีสวยหลากหลาย
Konvy,ทรีทเม้นท์ผม L'oreal Paris,Haircare,฿450,In Stock,https://www.konvy.com/Loreal/hairtreatment-15.html,https://img.konvy.com/path/to/image-15.jpg,ทรีทเม้นท์บำรุงผม ทำให้ผมสุขภาพดี
Konvy,น้ำหอม unisex Jo Malone London,Fragrance,฿750,In Stock,https://www.konvy.com/Jomalone/perfume-unisex-16.html,https://img.konvy.com/path/to/image-16.jpg,น้ำหอมกลิ่นหอมอ่อนๆ เหมาะสำหรับทุกเพศทุกวัย
Konvy,สครับขัดผิว St. Ives,Body Care,฿220,Limited Stock,https://www.konvy.com/StIves/bodyscrub-17.html,https://img.konvy.com/path/to/image-17.jpg,สครับขัดผิว ทำให้ผิวเรียบเนียน
Konvy,ที่ดัดขนตา Shu Uemura,Beauty Tools,฿99,In Stock,https://www.konvy.com/Shuuemura/eyelashcurler-18.html,https://img.konvy.com/path/to/image-18.jpg,ที่ดัดขนตา
Konvy,คลีนซิ่ง Biore,Skincare,฿150,In Stock,https://www.konvy.com/Biore/cleansing-19.html,https://img.konvy.com/path/to/image-19.jpg,คลีนซิ่งสำหรับเช็ดเครื่องสำอาง
Konvy,รองพื้น Nars,Makeup,฿250,In Stock,https://www.konvy.com/Nars/foundation-20.html,https://img.konvy.com/path/to/image-20.jpg,รองพื้นเนื้อบางเบา
Konvy,เซรั่มผม Kerastase,Haircare,฿600,In Stock,https://www.konvy.com/Kerastase/hairserum-21.html,https://img.konvy.com/path/to/image-21.jpg,เซรั่มบำรุงผม
Konvy,น้ำหอม Tom Ford,Fragrance,฿1500,Limited Stock,https://www.konvy.com/TomFord/perfume-22.html,https://img.konvy.com/path/to/image-22.jpg,น้ำหอมกลิ่นหอมเย้ายวน
Konvy,ครีมทาผิวกาย Nivea,Body Care,฿300,In Stock,https://www.konvy.com/Nivea/bodycream-23.html,https://img.konvy.com/path/to/image-23.jpg,ครีมทาผิวกาย
Konvy,ที่โกนขน Schick,Beauty Tools,฿120,In Stock,https://www.konvy.com/Schick/razor-24.html,https://img.konvy.com/path/to/image-24.jpg,ที่โกนขน
Konvy,มาส์กหน้า Laneige,Skincare,฿700,In Stock,https://www.konvy.com/Laneige/facemask-25.html,https://img.konvy.com/path/to/image-25.jpg,มาส์กหน้า
Konvy,ลิปกลอส Dior Addict,Makeup,฿800,In Stock,https://www.konvy.com/Dior/lipgloss-26.html,https://img.konvy.com/path/to/image-26.jpg,ลิปกลอส
Konvy,น้ำมันบำรุงผม Moroccan Oil,Haircare,฿500,Limited Stock,https://www.konvy.com/Moroccanoil/hairoil-27.html,https://img.konvy.com/path/to/image-27.jpg,น้ำมันบำรุงผม
Konvy,น้ำหอม Versace,Fragrance,฿650,In Stock,https://www.konvy.com/Versace/perfume-28.html,https://img.konvy.com/path/to/image-28.jpg,น้ำหอมกลิ่นหอมสดชื่น
Konvy,สบู่ Dove,Body Care,฿280,In Stock,https://www.konvy.com/Dove/soap-29.html,https://img.konvy.com/path/to/image-29.jpg,สบู่
Konvy,สำลี Cotton,Beauty Tools,฿70,In Stock,https://www.konvy.com/Cotton/cotton-30.html,https://img.konvy.com/path/to/image-30.jpg,สำลี
Konvy,ครีมบำรุงผิว Olay,Skincare,฿420,In Stock,https://www.konvy.com/Olay/cream-31.html,https://img.konvy.com/path/to/image-31.jpg,ครีมบำรุงผิว
Konvy,แป้งฝุ่น Laura Mercier,Makeup,฿550,In Stock,https://www.konvy.com/LauraMercier/powder-32.html,https://img.konvy.com/path/to/image-32.jpg,แป้งฝุ่น
Konvy,ผลิตภัณฑ์จัดแต่งทรงผม Redken,Haircare,฿800,Limited Stock,https://www.konvy.com/Redken/hairstyling-33.html,https://img.konvy.com/path/to/image-33.jpg,ผลิตภัณฑ์จัดแต่งทรงผม
Konvy,น้ำหอม Yves Saint Laurent,Fragrance,฿1100,In Stock,https://www.konvy.com/YSL/perfume-34.html,https://img.konvy.com/path/to/image-34.jpg,น้ำหอมกลิ่นหอมอบอุ่น
Konvy,น้ำมันทาตัว Johnson's Baby,Body Care,฿180,In Stock,https://www.konvy.com/Johnsons/babyOil-35.html,https://img.konvy.com/path/to/image-35.jpg,น้ำมันทาตัว
Konvy,หวีหวี,Beauty Tools,฿60,In Stock,https://www.konvy.com/Comb/comb-36.html,https://img.konvy.com/path/to/image-36.jpg,หวี
Konvy,ครีมล้างหน้า Cetaphil,Skincare,฿350,In Stock,https://www.konvy.com/Cetaphil/facewash-37.html,https://img.konvy.com/path/to/image-37.jpg,ครีมล้างหน้า
Konvy,ดินสอเขียนคิ้ว Benefit,Makeup,฿400,In Stock,https://www.konvy.com/Benefit/eyebrowpencil-38.html,https://img.konvy.com/path/to/image-38.jpg,ดินสอเขียนคิ้ว
Konvy,แชมพูขจัดรังแค Head & Shoulders,Haircare,฿750,Limited Stock,https://www.konvy.com/HeadShoulders/antidandruffshampoo-39.html,https://img.konvy.com/path/to/image-39.jpg,แชมพูขจัดรังแค
Konvy,น้ำหอม Marc Jacobs,Fragrance,฿850,In Stock,https://www.konvy.com/MarcJacobs/perfume-40.html,https://img.konvy.com/path/to/image-40.jpg,น้ำหอมกลิ่นหอมสดชื่น
Konvy,ครีมกันแดดทาตัว Nivea Sun,Body Care,฿250,In Stock,https://www.konvy.com/Nivea/sunscreen-41.html,https://img.konvy.com/path/to/image-41.jpg,ครีมกันแดดทาตัว
Konvy,แผ่นสำลี,Beauty Tools,฿50,In Stock,https://www.konvy.com/CottonPad/cottonpad-42.html,https://img.konvy.com/path/to/image-42.jpg,แผ่นสำลี
Konvy,เซรั่มลดรอยสิว Acnecide,Skincare,฿600,Limited Stock,https://www.konvy.com/Acnecide/serumacnacide-43.html,https://img.konvy.com/path/to/image-43.jpg,เซรั่มลดรอยสิว
Konvy,ลิปบาล์ม Vaseline,Makeup,฿300,In Stock,https://www.konvy.com/Vaseline/lipbalm-44.html,https://img.konvy.com/path/to/image-44.jpg,ลิปบาล์ม
Konvy,มูสจัดแต่งทรงผม Schwarzkopf,Haircare,฿480,In Stock,https://www.konvy.com/Schwarzkopf/hair mousse-45.html,https://img.konvy.com/path/to/image-45.jpg,มูสจัดแต่งทรงผม
Konvy,น้ำหอม Lancome La Vie Est Belle,Fragrance,฿900,In Stock,https://www.konvy.com/Lancome/perfume-46.html,https://img.konvy.com/path/to/image-46.jpg,น้ำหอมกลิ่นหอมหวาน
Konvy,โลชั่นกันแดด Banana Boat,Body Care,฿350,Limited Stock,https://www.konvy.com/BananaBoat/sunscreenlotion-47.html,https://img.konvy.com/path/to/image-47.jpg,โลชั่นกันแดด
Konvy,กระจกแต่งหน้า,Beauty Tools,฿80,In Stock,https://www.konvy.com/Mirror/mirror-48.html,https://img.konvy.com/path/to/image-48.jpg,กระจกแต่งหน้า
Konvy,เจลล้างหน้า Cerave,Skincare,฿220,In Stock,https://www.konvy.com/Cerave/facegel-49.html,https://img.konvy.com/path/to/image-49.jpg,เจลล้างหน้า
Konvy,ลิปมัน Carmex,Makeup,฿280,In Stock,https://www.konvy.com/Carmex/lipbalm-50.html,https://img.konvy.com/path/to/image-50.jpg,ลิปมัน
Uniqlo,Men's Supima Cotton Crew Neck T-Shirt,Men's T-Shirts,$19.90,In Stock,https://www.uniqlo.com/us/en/products/451234-mens-supima-cotton-tshirt.html,https://image.uniqlo.com/UQ/ST3/us/imagesgoods/451234/item/goods_09_451234.jpg,"Lightweight and breathable cotton t-shirt, perfect for everyday wear.  Classic crew neck design in a range of colors."
Uniqlo,Women's Cotton A-Line Dress,Women's Dresses,$49.90,New Arrival,https://www.uniqlo.com/us/en/products/567890-womens-cotton-dress.html,https://image.uniqlo.com/UQ/ST3/us/imagesgoods/567890/item/goods_63_567890.jpg,"Flowy A-line dress crafted from soft, breathable cotton. Versatile for any occasion."
Uniqlo,Kids' Organic Cotton T-Shirt,Kids' Tops,$14.90,In Stock,https://www.uniqlo.com/us/en/products/123456-kids-organic-cotton-tshirt.html,https://image.uniqlo.com/UQ/ST3/us/imagesgoods/123456/item/goods_34_123456.jpg,Soft and comfortable cotton t-shirt for kids.  Durable design made for active play.
Uniqlo,Men's Stretch Slim Fit Jeans,Men's Jeans,$39.90,In Stock,https://www.uniqlo.com/us/en/products/789012-mens-stretch-jeans.html,https://image.uniqlo.com/UQ/ST3/us/imagesgoods/789012/item/goods_01_789012.jpg,"Straight-fit jeans with a comfortable stretch. Classic style, suitable for everyday wear."
Uniqlo,Women's Ultra Stretch Wide Leg Pants,Women's Pants,$29.90,Online Exclusive,https://www.uniqlo.com/us/en/products/345678-womens-wide-leg-pants.html,https://image.uniqlo.com/UQ/ST3/us/imagesgoods/345678/item/goods_45_345678.jpg,"High-waisted, comfortable wide-leg pants for a relaxed style. Lightweight and breathable."
Uniqlo,Men's Merino Blend Crew Neck Sweater,Men's Sweaters,$29.90,In Stock,https://www.uniqlo.com/us/en/products/901234-mens-merino-sweater.html,https://image.uniqlo.com/UQ/ST3/us/imagesgoods/901234/item/goods_62_901234.jpg,"Soft, cozy sweater made from a blend of Merino wool and cashmere. Perfect for cooler weather."
Uniqlo,Women's Crew Neck Short Sleeve T-Shirt,Women's T-Shirts,$14.90,In Stock,https://www.uniqlo.com/us/en/products/567812-womens-cotton-tshirt.html,https://image.uniqlo.com/UQ/ST3/us/imagesgoods/567812/item/goods_02_567812.jpg,Soft cotton t-shirt with a comfortable fit. Casual and versatile.
Uniqlo,Baby Cotton Bodysuit,Baby Clothing,$9.90,New Arrival,https://www.uniqlo.com/us/en/products/135792-baby-cotton-bodysuit.html,https://image.uniqlo.com/UQ/ST3/us/imagesgoods/135792/item/goods_49_135792.jpg,"Soft and gentle cotton bodysuit, perfect for newborns. Easy to dress and undress."
Uniqlo,Men's Ultra Light Down Jacket,Men's Outerwear,$79.90,In Stock,https://www.uniqlo.com/us/en/products/246801-mens-ultralight-down-jacket.html,https://image.uniqlo.com/UQ/ST3/us/imagesgoods/246801/item/goods_04_246801.jpg,Lightweight down jacket with excellent warmth-to-weight ratio.  Packable design for travel.
Uniqlo,Women's Cashmere Blend Crew Neck Sweater,Women's Sweaters,$34.90,In Stock,https://www.uniqlo.com/us/en/products/357912-womens-cashmere-sweater.html,https://image.uniqlo.com/UQ/ST3/us/imagesgoods/357912/item/goods_31_357912.jpg,Soft and warm cashmere blend sweater.  Classic cable knit design for a touch of elegance.
Uniqlo,Men's Cotton Chino Shorts,Men's Shorts,$19.90,In Stock,https://www.uniqlo.com/us/en/products/468012-mens-cotton-shorts.html,https://image.uniqlo.com/UQ/ST3/us/imagesgoods/468012/item/goods_12_468012.jpg,"Comfortable and durable cotton shorts, perfect for warm weather.  Classic fit and style."
Uniqlo,Women's Ultra Stretch Leggings,Women's Leggings,$24.90,Online Exclusive,https://www.uniqlo.com/us/en/products/579123-womens-ultra-stretch-leggings.html,https://image.uniqlo.com/UQ/ST3/us/imagesgoods/579123/item/goods_54_579123.jpg,High-waisted leggings with excellent stretch and recovery.  Comfortable for all-day wear.
Uniqlo,Kids' Cotton Jogger Pants,Kids' Bottoms,$16.90,In Stock,https://www.uniqlo.com/us/en/products/680123-kids-cotton-joggers.html,https://image.uniqlo.com/UQ/ST3/us/imagesgoods/680123/item/goods_28_680123.jpg,Durable and comfortable kids' joggers.  Made from soft cotton for all-day play.
Uniqlo,Men's Supima Cotton Polo Shirt,Men's Polos,$24.90,In Stock,https://www.uniqlo.com/us/en/products/791234-mens-supima-polo.html,https://image.uniqlo.com/UQ/ST3/us/imagesgoods/791234/item/goods_07_791234.jpg,Classic cotton polo shirt with a comfortable fit.  Versatile for work or casual wear.
Uniqlo,Women's Linen Blend Button Down Shirt,Women's Shirts,$29.90,New Arrival,https://www.uniqlo.com/us/en/products/801234-womens-linen-shirt.html,https://image.uniqlo.com/UQ/ST3/us/imagesgoods/801234/item/goods_81_801234.jpg,"Lightweight and breathable linen shirt, perfect for warmer weather.  Relaxed fit and flattering style."
Uniqlo,Men's AIRism Boxer Briefs,Men's Innerwear,$12.90,In Stock,https://www.uniqlo.com/us/en/products/912345-mens-airism-briefs.html,https://image.uniqlo.com/UQ/ST3/us/imagesgoods/912345/item/goods_19_912345.jpg,Soft and comfortable AIRism boxer briefs.  Moisture-wicking and breathable.
Uniqlo,Women's Ultra Warm Down Coat,Women's Outerwear,$99.90,In Stock,https://www.uniqlo.com/us/en/products/023456-womens-down-coat.html,https://image.uniqlo.com/UQ/ST3/us/imagesgoods/023456/item/goods_23_023456.jpg,Warm and stylish down coat perfect for winter.  Features a water-resistant outer shell.
Uniqlo,Kids' Water Resistant Jacket,Kids' Outerwear,$39.90,In Stock,https://www.uniqlo.com/us/en/products/134567-kids-water-resistant-jacket.html,https://image.uniqlo.com/UQ/ST3/us/imagesgoods/134567/item/goods_76_134567.jpg,Water-resistant and windproof jacket for kids.  Keeps your child warm and dry.
Uniqlo,Women's Pleated Midi Skirt,Women's Skirts,$24.90,In Stock,https://www.uniqlo.com/us/en/products/245678-womens-pleated-skirt.html,https://image.uniqlo.com/UQ/ST3/us/imagesgoods/245678/item/goods_41_245678.jpg,Flowy pleated skirt made from lightweight material.  Perfect for summer.
Uniqlo,Men's Chino Pants,Men's Pants,$29.90,Online Exclusive,https://www.uniqlo.com/us/en/products/356789-mens-chino-pants.html,https://image.uniqlo.com/UQ/ST3/us/imagesgoods/356789/item/goods_15_356789.jpg,Comfortable and versatile chinos.  Perfect for work or casual wear.
Uniqlo,Women's High-Waisted Straight Jeans,Women's Jeans,$39.90,In Stock,https://www.uniqlo.com/us/en/products/467890-womens-straight-jeans.html,https://image.uniqlo.com/UQ/ST3/us/imagesgoods/467890/item/goods_29_467890.jpg,"High-waisted, straight-leg jeans with a comfortable stretch.  Classic style."
Uniqlo,Baseball Cap,Accessories - Hats,$14.90,In Stock,https://www.uniqlo.com/us/en/products/578901-baseball-cap.html,https://image.uniqlo.com/UQ/ST3/us/imagesgoods/578901/item/goods_51_578901.jpg,Stylish and practical baseball cap.  Protects you from the sun.
Uniqlo,Women's Cashmere Blend Cardigan,Women's Cardigans,$34.90,New Arrival,https://www.uniqlo.com/us/en/products/689012-womens-cashmere-cardigan.html,https://image.uniqlo.com/UQ/ST3/us/imagesgoods/689012/item/goods_72_689012.jpg,Soft and cozy cardigan made from a blend of cotton and cashmere.  Perfect for layering.
Uniqlo,Men's Fleece Hoodie,Men's Hoodies,$29.90,In Stock,https://www.uniqlo.com/us/en/products/790123-mens-fleece-hoodie.html,https://image.uniqlo.com/UQ/ST3/us/imagesgoods/790123/item/goods_03_790123.jpg,Cozy fleece hoodie with a kangaroo pocket.  Perfect for everyday wear.
Uniqlo,Women's Silk Blouse,Women's Blouses,$24.90,In Stock,https://www.uniqlo.com/us/en/products/801235-womens-silk-blouse.html,https://image.uniqlo.com/UQ/ST3/us/imagesgoods/801235/item/goods_67_801235.jpg,Lightweight and breathable silk blouse.  Perfect for dressing up or down.
Uniqlo,Kids' Cotton Underwear,Kids' Innerwear,$11.90,Online Exclusive,https://www.uniqlo.com/us/en/products/912346-kids-cotton-underwear.html,https://image.uniqlo.com/UQ/ST3/us/imagesgoods/912346/item/goods_38_912346.jpg,Soft and comfortable cotton underwear for kids.  Durable design for everyday wear.
Uniqlo,Men's Dry-EX Crew Neck T-Shirt,Men's Sport Utility Wear,$34.90,In Stock,https://www.uniqlo.com/us/en/products/023457-mens-dry-ex-tshirt.html,https://image.uniqlo.com/UQ/ST3/us/imagesgoods/023457/item/goods_17_023457.jpg,Moisture-wicking and breathable athletic t-shirt.  Perfect for any workout.
Uniqlo,Women's Dry-EX Sports Bra,Women's Sport Utility Wear,$29.90,New Arrival,https://www.uniqlo.com/us/en/products/134568-womens-dry-ex-sports-bra.html,https://image.uniqlo.com/UQ/ST3/us/imagesgoods/134568/item/goods_57_134568.jpg,Supportive and comfortable sports bra.  Moisture-wicking and breathable.
Uniqlo,Cotton Crew Socks,Accessories - Socks,$7.90,In Stock,https://www.uniqlo.com/us/en/products/245679-cotton-crew-socks.html,https://image.uniqlo.com/UQ/ST3/us/imagesgoods/245679/item/goods_83_245679.jpg,Comfortable crew socks made from soft cotton.  Perfect for everyday wear.
Uniqlo,Baby Cotton Pajamas,Baby Clothing,$11.90,In Stock,https://www.uniqlo.com/us/en/products/356790-baby-cotton-pajamas.html,https://image.uniqlo.com/UQ/ST3/us/imagesgoods/356790/item/goods_91_356790.jpg,Soft and comfortable cotton pajamas for babies.  Features a cute design.
Uniqlo,Men's Oxford Cloth Button-Down Shirt,Men's Shirts,$29.90,In Stock,https://www.uniqlo.com/us/en/products/467891-mens-oxford-shirt.html,https://image.uniqlo.com/UQ/ST3/us/imagesgoods/467891/item/goods_42_467891.jpg,Oxford cloth button-down shirt.  Classic style and versatile.
Uniqlo,Women's Stretch Pants,Women's Pants,$24.90,Online Exclusive,https://www.uniqlo.com/us/en/products/578902-womens-stretch-pants.html,https://image.uniqlo.com/UQ/ST3/us/imagesgoods/578902/item/goods_13_578902.jpg,Comfortable and versatile stretch pants.  Perfect for work or casual wear.
Uniqlo,Kids' Organic Cotton Long Sleeve Shirt,Kids' Tops,$12.90,New Arrival,https://www.uniqlo.com/us/en/products/689013-kids-organic-long-sleeve-shirt.html,https://image.uniqlo.com/UQ/ST3/us/imagesgoods/689013/item/goods_64_689013.jpg,Soft and comfortable long sleeve shirt for kids.  Made from organic cotton.
Uniqlo,Men's Puffer Jacket,Men's Outerwear,$69.90,In Stock,https://www.uniqlo.com/us/en/products/790124-mens-puffer-jacket.html,https://image.uniqlo.com/UQ/ST3/us/imagesgoods/790124/item/goods_36_790124.jpg,Warm and stylish puffer jacket.  Perfect for winter weather.
Uniqlo,Women's Fleece Hoodie,Women's Hoodies,$29.90,In Stock,https://www.uniqlo.com/us/en/products/801236-womens-fleece-hoodie.html,https://image.uniqlo.com/UQ/ST3/us/imagesgoods/801236/item/goods_78_801236.jpg,Cozy fleece hoodie with a drawstring hood.  Perfect for everyday wear.
Uniqlo,Cashmere Scarf,Accessories - Scarves,$19.90,Online Exclusive,https://www.uniqlo.com/us/en/products/912347-cashmere-scarf.html,https://image.uniqlo.com/UQ/ST3/us/imagesgoods/912347/item/goods_87_912347.jpg,Soft and warm cashmere scarf.  Perfect for keeping you warm in the winter.
Uniqlo,Men's AIRism Crew Neck Undershirt,Men's Innerwear,$10.90,In Stock,https://www.uniqlo.com/us/en/products/023458-mens-airism-undershirt.html,https://image.uniqlo.com/UQ/ST3/us/imagesgoods/023458/item/goods_11_023458.jpg,Soft and comfortable AIRism undershirt.  Moisture-wicking and breathable.
Uniqlo,Women's Cotton Bralette,Women's Innerwear,$12.90,New Arrival,https://www.uniqlo.com/us/en/products/134569-womens-cotton-bralette.html,https://image.uniqlo.com/UQ/ST3/us/imagesgoods/134569/item/goods_59_134569.jpg,Soft and comfortable cotton bralette.  Perfect for everyday wear.
Uniqlo,Baby Cotton Pants,Baby Clothing,$12.90,In Stock,https://www.uniqlo.com/us/en/products/245680-baby-cotton-pants.html,https://image.uniqlo.com/UQ/ST3/us/imagesgoods/245680/item/goods_25_245680.jpg,Soft and comfortable cotton pants for babies.  Easy to dress and undress.
Uniqlo,Men's Slim Fit Jeans,Men's Jeans,$44.90,In Stock,https://www.uniqlo.com/us/en/products/356791-mens-slim-fit-jeans.html,https://image.uniqlo.com/UQ/ST3/us/imagesgoods/356791/item/goods_61_356791.jpg,Slim-fit jeans with a comfortable stretch.  Classic style and versatile.
Uniqlo,Women's Cotton Midi Dress,Women's Dresses,$59.90,Online Exclusive,https://www.uniqlo.com/us/en/products/467892-womens-cotton-midi-dress.html,https://image.uniqlo.com/UQ/ST3/us/imagesgoods/467892/item/goods_89_467892.jpg,Elegant and stylish midi dress made from soft cotton.  Perfect for any occasion.
Uniqlo,Leather Belt,Accessories - Belts,$12.90,New Arrival,https://www.uniqlo.com/us/en/products/578903-leather-belt.html,https://image.uniqlo.com/UQ/ST3/us/imagesgoods/578903/item/goods_33_578903.jpg,Versatile leather belt.  Classic style and durable construction.
Uniqlo,Men's Cotton T-Shirt,Men's T-Shirts,$14.90,In Stock,https://www.uniqlo.com/us/en/products/689014-mens-cotton-tshirt.html,https://image.uniqlo.com/UQ/ST3/us/imagesgoods/689014/item/goods_21_689014.jpg,Comfortable and breathable t-shirt made from soft cotton.  Perfect for everyday wear.
Uniqlo,Women's Cotton Shirt,Women's Shirts,$24.90,In Stock,https://www.uniqlo.com/us/en/products/790125-womens-cotton-shirt.html,https://image.uniqlo.com/UQ/ST3/us/imagesgoods/790125/item/goods_47_790125.jpg,Lightweight and breathable cotton shirt.  Perfect for layering or wearing on its own.
Uniqlo,Kids' Denim Jeans,Kids' Bottoms,$15.90,Online Exclusive,https://www.uniqlo.com/us/en/products/801237-kids-denim-jeans.html,https://image.uniqlo.com/UQ/ST3/us/imagesgoods/801237/item/goods_74_801237.jpg,Durable and comfortable denim jeans for kids.  Made from soft denim.
Uniqlo,Tote Bag,Accessories - Bags,$29.90,In Stock,https://www.uniqlo.com/us/en/products/912348-tote-bag.html,https://image.uniqlo.com/UQ/ST3/us/imagesgoods/912348/item/goods_93_912348.jpg,Stylish and practical tote bag.  Perfect for everyday use.
Uniqlo,Men's Wool Blend Sweater,Men's Sweaters,$39.90,New Arrival,https://www.uniqlo.com/us/en/products/023459-mens-wool-blend-sweater.html,https://image.uniqlo.com/UQ/ST3/us/imagesgoods/023459/item/goods_55_023459.jpg,Warm and cozy sweater made from a blend of wool and cashmere.  Perfect for colder weather.
Uniqlo,Women's Leggings,Women's Leggings,$19.90,In Stock,https://www.uniqlo.com/us/en/products/134570-womens-leggings.html,https://image.uniqlo.com/UQ/ST3/us/imagesgoods/134570/item/goods_85_134570.jpg,Comfortable and versatile leggings.  Perfect for everyday wear.
Uniqlo,Men's Sweatpants,Men's Pants,$34.90,In Stock,https://www.uniqlo.com/us/en/products/245681-mens-sweatpants.html,https://image.uniqlo.com/UQ/ST3/us/imagesgoods/245681/item/goods_27_245681.jpg,Comfortable and versatile sweatpants.  Perfect for lounging or working out.
Uniqlo,Women's Down Coat,Women's Outerwear,$129.90,Online Exclusive,https://www.uniqlo.com/us/en/products/356792-womens-down-coat.html,https://image.uniqlo.com/UQ/ST3/us/imagesgoods/356792/item/goods_39_356792.jpg,Warm and stylish down coat with a detachable hood.  Perfect for winter.
Uniqlo,Kids' Winter Coat,Kids' Outerwear,$44.90,In Stock,https://www.uniqlo.com/us/en/products/467893-kids-winter-coat.html,https://image.uniqlo.com/UQ/ST3/us/imagesgoods/467893/item/goods_70_467893.jpg,Warm and waterproof winter coat for kids.  Keeps your child warm and dry.
Uniqlo,Baby Organic Cotton Onesie,Baby Clothing,$10.90,New Arrival,https://www.uniqlo.com/us/en/products/578904-baby-organic-onesie.html,https://image.uniqlo.com/UQ/ST3/us/imagesgoods/578904/item/goods_95_578904.jpg,Soft and comfortable onesie for babies.  Made from organic cotton.
Gramedia,Bumi Manusia karya Pramoedya Ananta Toer,Novel Fiksi,Rp 85.000,Tersedia,https://www.gramedia.com/products/novel-bumi-manusia-pramoedya,https://cdn.gramedia.com/uploads/items/novel-bumi-manusia.jpg,Sebuah novel epik karya Pramoedya Ananta Toer yang mengisahkan perjuangan hidup di era kolonial.  Karya sastra Indonesia yang sangat penting.
Gramedia,Detektif Conan Vol. 1,Komik,Rp 45.000,Tersedia,https://www.gramedia.com/products/komik-detektif-conan-vol-1,https://cdn.gramedia.com/uploads/items/komik-detektif-conan-vol-1.jpg,Petualangan detektif cilik Conan Edogawa dalam memecahkan kasus-kasus misterius.  Edisi pertama yang seru!
Gramedia,Dongeng Si Kancil,Buku Anak,Rp 30.000,Tersedia,https://www.gramedia.com/products/buku-anak-si-kancil,https://cdn.gramedia.com/uploads/items/buku-anak-si-kancil.jpg,Dongeng anak-anak klasik yang menghibur dan mendidik tentang Si Kancil yang pintar.
Gramedia,7 Habits of Highly Effective People,Pengembangan Diri,Rp 120.000,Tersedia,https://www.gramedia.com/products/buku-pd-7-habits,https://cdn.gramedia.com/uploads/items/buku-pd-7-habits.jpg,Buku inspiratif yang mengajarkan 7 kebiasaan orang yang efektif.  Untuk meningkatkan produktivitas dan keseimbangan hidup.
Gramedia,Rich Dad Poor Dad,Bisnis & Ekonomi,Rp 90.000,Tersedia,https://www.gramedia.com/products/buku-bisnis-rich-dad-poor-dad,https://cdn.gramedia.com/uploads/items/buku-bisnis-rich-dad-poor-dad.jpg,"Panduan keuangan yang praktis dan inspiratif, cocok bagi siapa saja yang ingin mencapai kemandirian finansial."
Gramedia,Matematika SMA Kelas 10,Buku Pelajaran,Rp 75.000,Tersedia,https://www.gramedia.com/products/buku-pelajaran-matematika-sma-kelas-10,https://cdn.gramedia.com/uploads/items/buku-pelajaran-matematika-sma.jpg,Buku paket Matematika SMA kelas 10 yang lengkap dan mudah dipahami. Dilengkapi soal latihan.
Gramedia,Buku Tulis Campus Isi 50 Lembar,Buku Tulis,Rp 25.000,Tersedia,https://www.gramedia.com/products/buku-tulis-campus-50,https://cdn.gramedia.com/uploads/items/buku-tulis-campus-50.jpg,Buku tulis berkualitas dengan kertas halus dan tebal.  Isi 50 lembar.
Gramedia,Pulpen Gel Joyko GP-265 Hitam,Pulpen,Rp 15.000,Tersedia,https://www.gramedia.com/products/pulpen-gel-joyko-gp-265,https://cdn.gramedia.com/uploads/items/pulpen-gel-joyko.jpg,Pulpen gel Joyko dengan tinta hitam yang halus dan tahan lama.  Tulis dengan nyaman.
Gramedia,Pensil 2B Faber-Castell,Pensil,Rp 10.000,Tersedia,https://www.gramedia.com/products/pensil-2b-faber-castell,https://cdn.gramedia.com/uploads/items/pensil-2b-faber-castell.jpg,"Pensil 2B Faber-Castell berkualitas, cocok untuk menggambar dan menulis."
Gramedia,Spidol Pilot Warna-Warni,Spidol,Rp 30.000,Tersedia,https://www.gramedia.com/products/spidol-pilot-warna,https://cdn.gramedia.com/uploads/items/spidol-pilot-warna.jpg,Spidol Pilot dengan warna-warna cerah dan tahan lama.  Cocok untuk berbagai keperluan.
Gramedia,Kuas Lukis Rambut Sapi,Peralatan Seni Lukis,Rp 40.000,Tersedia,https://www.gramedia.com/products/kuas-lukis-rambut-sapi,https://cdn.gramedia.com/uploads/items/kuas-lukis-rambut-sapi.jpg,"Kuas lukis berbulu lembut dari rambut sapi, cocok untuk berbagai teknik melukis."
Gramedia,Kertas Printer A4 70gsm,Kertas Printer,Rp 35.000,Tersedia,https://www.gramedia.com/products/kertas-printer-a4-70gsm,https://cdn.gramedia.com/uploads/items/kertas-printer-a4-70gsm.jpg,"Kertas printer A4 70gsm berkualitas, cocok untuk mencetak dokumen dan foto."
Gramedia,Map & Ordner Plastik,Map & Ordner,Rp 20.000,Tersedia,https://www.gramedia.com/products/map-ordner-plastik,https://cdn.gramedia.com/uploads/items/map-ordner-plastik.jpg,Map dan Ordner plastik yang tahan lama dan praktis untuk menyimpan dokumen.
Gramedia,Organizer Meja Plastik,Organizer Meja,Rp 45.000,Tersedia,https://www.gramedia.com/products/organizer-meja-plastik,https://cdn.gramedia.com/uploads/items/organizer-meja-plastik.jpg,Organizer meja praktis untuk menyimpan peralatan tulis dan perlengkapan kantor.
Gramedia,Ransel Sekolah Anak,Tas Sekolah,Rp 150.000,Tersedia,https://www.gramedia.com/products/tas-sekolah-ransel,https://cdn.gramedia.com/uploads/items/tas-sekolah-ransel.jpg,Tas ransel sekolah yang nyaman dan tahan lama dengan banyak kompartemen.
Gramedia,Tempat Pensil Kain Kanvas,Tempat Pensil,Rp 25.000,Tersedia,https://www.gramedia.com/products/tempat-pensil-kain-kanvas,https://cdn.gramedia.com/uploads/items/tempat-pensil-kain-kanvas.jpg,Tempat pensil berbahan kain kanvas yang kuat dan tahan lama.
Gramedia,Kalkulator Casio FX-82MS,Kalkulator,Rp 60.000,Tersedia,https://www.gramedia.com/products/kalkulator-casio-fx-82ms,https://cdn.gramedia.com/uploads/items/kalkulator-casio-fx-82ms.jpg,Kalkulator Casio FX-82MS yang handal dan akurat untuk keperluan sekolah dan kantor.
Gramedia,Majalah Bobo Edisi Terbaru,Majalah,Rp 20.000,Tersedia,https://www.gramedia.com/products/majalah-bobo,https://cdn.gramedia.com/uploads/items/majalah-bobo.jpg,"Majalah Bobo edisi terbaru, bacaan seru untuk anak-anak."
Gramedia,Cinta Abadi karya Ratih Kumala,Novel Fiksi,Rp 70.000,Stok Terbatas,https://www.gramedia.com/products/novel-cinta-abadi,https://cdn.gramedia.com/uploads/items/novel-cinta-abadi.jpg,Kisah cinta yang mengharukan dan penuh liku.  Sangat direkomendasikan bagi pecinta roman.
Gramedia,Doraemon Vol. 2,Komik,Rp 40.000,Tersedia,https://www.gramedia.com/products/komik-doraemon-vol-2,https://cdn.gramedia.com/uploads/items/komik-doraemon-vol-2.jpg,Petualangan seru bersama kucing robot dari masa depan.  Edisi kedua yang tak kalah menarik!
Gramedia,Cerita Rakyat Indonesia,Buku Anak,Rp 25.000,Tersedia,https://www.gramedia.com/products/buku-anak-cerita-rakyat,https://cdn.gramedia.com/uploads/items/buku-anak-cerita-rakyat.jpg,Kumpulan cerita rakyat Indonesia yang penuh warna dan imajinasi.
Gramedia,Mindset karya Carol S. Dweck,Pengembangan Diri,Rp 100.000,Tersedia,https://www.gramedia.com/products/buku-pd-mindset,https://cdn.gramedia.com/uploads/items/buku-pd-mindset.jpg,Ubah pola pikir Anda dan raih kesuksesan dengan buku Mindset karya Carol S. Dweck.
Gramedia,Strategi Marketing Jitu,Bisnis & Ekonomi,Rp 110.000,Tersedia,https://www.gramedia.com/products/buku-bisnis-marketing,https://cdn.gramedia.com/uploads/items/buku-bisnis-marketing.jpg,Panduan lengkap strategi marketing untuk bisnis Anda agar semakin berkembang.
Gramedia,Fisika SMA Kelas 11,Buku Pelajaran,Rp 80.000,Tersedia,https://www.gramedia.com/products/buku-pelajaran-fisika-sma-kelas-11,https://cdn.gramedia.com/uploads/items/buku-pelajaran-fisika-sma.jpg,Buku paket Fisika SMA kelas 11 yang komprehensif dan mudah dipahami.  Terlengkap!
Gramedia,Buku Tulis Kiky Isi 100 Lembar,Buku Tulis,Rp 30.000,Tersedia,https://www.gramedia.com/products/buku-tulis-kiky-100,https://cdn.gramedia.com/uploads/items/buku-tulis-kiky-100.jpg,Buku tulis Kiky dengan kualitas kertas yang baik dan desain cover yang menarik.
Gramedia,Pulpen Stabilo Biru,Pulpen,Rp 12.000,Tersedia,https://www.gramedia.com/products/pulpen-stabilo-biru,https://cdn.gramedia.com/uploads/items/pulpen-stabilo-biru.jpg,Pulpen Stabilo dengan tinta biru yang lancar dan nyaman digunakan.
Gramedia,Pensil HB Derwent,Pensil,Rp 18.000,Tersedia,https://www.gramedia.com/products/pensil-hb-derwent,https://cdn.gramedia.com/uploads/items/pensil-hb-derwent.jpg,"Pensil HB Derwent kualitas tinggi, cocok untuk sketsa dan gambar detail."
Gramedia,Spidol Papermate Hitam,Spidol,Rp 25.000,Tersedia,https://www.gramedia.com/products/spidol-papermate-hitam,https://cdn.gramedia.com/uploads/items/spidol-papermate-hitam.jpg,"Spidol Papermate warna hitam, tinta pekat dan tahan lama."
Gramedia,Cat Air Warna-Warni,Peralatan Seni Lukis,Rp 50.000,Tersedia,https://www.gramedia.com/products/cat-air-warna,https://cdn.gramedia.com/uploads/items/cat-air-warna.jpg,"Cat air warna-warni berkualitas tinggi, untuk hasil lukisan yang memukau."
Gramedia,Kertas Printer A4 80gsm,Kertas Printer,Rp 40.000,Tersedia,https://www.gramedia.com/products/kertas-printer-a4-80gsm,https://cdn.gramedia.com/uploads/items/kertas-printer-a4-80gsm.jpg,"Kertas printer A4 80gsm, lebih tebal dan cocok untuk mencetak dokumen penting."
Gramedia,Map & Ordner Kertas,Map & Ordner,Rp 15.000,Tersedia,https://www.gramedia.com/products/map-ordner-kertas,https://cdn.gramedia.com/uploads/items/map-ordner-kertas.jpg,"Map dan Ordner kertas berkualitas, praktis dan ekonomis."
Gramedia,Organizer Meja Kayu,Organizer Meja,Rp 70.000,Tersedia,https://www.gramedia.com/products/organizer-meja-kayu,https://cdn.gramedia.com/uploads/items/organizer-meja-kayu.jpg,Organizer meja berbahan kayu yang elegan dan awet.
Gramedia,Tas Sekolah Troli,Tas Sekolah,Rp 200.000,Tersedia,https://www.gramedia.com/products/tas-sekolah-troli,https://cdn.gramedia.com/uploads/items/tas-sekolah-troli.jpg,"Tas sekolah dengan roda yang mudah dibawa, cocok untuk siswa yang membawa banyak buku."
Gramedia,Tempat Pensil Plastik Transparan,Tempat Pensil,Rp 10.000,Tersedia,https://www.gramedia.com/products/tempat-pensil-plastik-transparan,https://cdn.gramedia.com/uploads/items/tempat-pensil-plastik-transparan.jpg,"Tempat pensil transparan dari plastik, mudah melihat isi di dalamnya."
Gramedia,Kalkulator Citizen SR-270X,Kalkulator,Rp 50.000,Tersedia,https://www.gramedia.com/products/kalkulator-citizen-sr-270x,https://cdn.gramedia.com/uploads/items/kalkulator-citizen-sr-270x.jpg,Kalkulator Citizen SR-270X yang akurat dan mudah digunakan.
Gramedia,Majalah National Geographic,Majalah,Rp 40.000,Tersedia,https://www.gramedia.com/products/majalah-national-geographic,https://cdn.gramedia.com/uploads/items/majalah-national-geographic.jpg,"Majalah National Geographic edisi terbaru, eksplorasi dunia yang menakjubkan."
Gramedia,Rahasia di Balik Hutan karya Anya Petrova,Novel Fiksi,Rp 80.000,Segera Terbit,https://www.gramedia.com/products/novel-misteri-baru,https://cdn.gramedia.com/uploads/items/novel-misteri-baru.jpg,Novel misteri terbaru yang menegangkan dan penuh teka-teki.  Siap-siap dibuat penasaran!
Gramedia,One Piece Vol. 1,Manga,Rp 55.000,Tersedia,https://www.gramedia.com/products/manga-one-piece-vol-1,https://cdn.gramedia.com/uploads/items/manga-one-piece-vol-1.jpg,Petualangan Luffy dan kru Topi Jerami untuk menemukan One Piece.
Gramedia,Sejarah Indonesia Modern,Novel Non-Fiksi,Rp 100.000,Tersedia,https://www.gramedia.com/products/sejarah-indonesia,https://cdn.gramedia.com/uploads/items/sejarah-indonesia.jpg,Buku sejarah Indonesia yang komprehensif dan detail.
Gramedia,Buku Tulis Spiral 80 Lembar,Buku Tulis,Rp 22.000,Tersedia,https://www.gramedia.com/products/buku-tulis-spiral-80,https://cdn.gramedia.com/uploads/items/buku-tulis-spiral-80.jpg,"Buku tulis spiral 80 lembar, praktis dan mudah dibawa."
Gramedia,Pulpen Ballpoint Hitam,Pulpen,Rp 8.000,Tersedia,https://www.gramedia.com/products/pulpen-ballpoint-hitam,https://cdn.gramedia.com/uploads/items/pulpen-ballpoint-hitam.jpg,"Pulpen ballpoint hitam ekonomis, cocok untuk penggunaan sehari-hari."
Gramedia,Pensil Warna 12 Batang,Pensil,Rp 20.000,Tersedia,https://www.gramedia.com/products/pensil-warna-12,https://cdn.gramedia.com/uploads/items/pensil-warna-12.jpg,"Pensil warna 12 batang, ideal untuk mewarnai gambar anak-anak."
Gramedia,Spidol Broad Tip Merah,Spidol,Rp 18.000,Tersedia,https://www.gramedia.com/products/spidol-broad-tip-merah,https://cdn.gramedia.com/uploads/items/spidol-broad-tip-merah.jpg,"Spidol broad tip warna merah, untuk menulis huruf besar."
Gramedia,Kertas Gambar A3,Peralatan Seni Lukis,Rp 35.000,Tersedia,https://www.gramedia.com/products/kertas-gambar-a3,https://cdn.gramedia.com/uploads/items/kertas-gambar-a3.jpg,"Kertas gambar ukuran A3, cocok untuk sketsa dan lukisan."
Gramedia,Kertas Foto Glossy,Kertas Printer,Rp 50.000,Tersedia,https://www.gramedia.com/products/kertas-foto-glossy,https://cdn.gramedia.com/uploads/items/kertas-foto-glossy.jpg,"Kertas foto glossy, hasil cetakan lebih tajam dan berkilau."
Gramedia,Map & Ordner Kain,Map & Ordner,Rp 30.000,Tersedia,https://www.gramedia.com/products/map-ordner-kain,https://cdn.gramedia.com/uploads/items/map-ordner-kain.jpg,"Map dan Ordner berbahan kain, desain elegan dan kokoh."
Gramedia,Organizer Meja Akrilik,Organizer Meja,Rp 60.000,Tersedia,https://www.gramedia.com/products/organizer-meja-akrilik,https://cdn.gramedia.com/uploads/items/organizer-meja-akrilik.jpg,Organizer meja akrilik yang transparan dan modern.
Gramedia,Tas Sekolah Jinjing,Tas Sekolah,Rp 120.000,Tersedia,https://www.gramedia.com/products/tas-sekolah-jinjing,https://cdn.gramedia.com/uploads/items/tas-sekolah-jinjing.jpg,Tas sekolah jinjing yang praktis dan ringan.
Gramedia,Tempat Pensil Metal,Tempat Pensil,Rp 35.000,Tersedia,https://www.gramedia.com/products/tempat-pensil-metal,https://cdn.gramedia.com/uploads/items/tempat-pensil-metal.jpg,Tempat pensil metal yang kokoh dan tahan lama.
Gramedia,Kalkulator Scientific,Kalkulator,Rp 80.000,Tersedia,https://www.gramedia.com/products/kalkulator-scientific,https://cdn.gramedia.com/uploads/items/kalkulator-scientific.jpg,Kalkulator scientific untuk perhitungan yang kompleks.
Gramedia,Majalah Intisari,Majalah,Rp 30.000,Tersedia,https://www.gramedia.com/products/majalah-intisari,https://cdn.gramedia.com/uploads/items/majalah-intisari.jpg,"Majalah Intisari edisi terbaru, bacaan informatif dan inspiratif."
